{
  "image_path": "/dataset/hypersim/color/frame.0000.color.jpg",
  "intrinsics_3x3": [
    [
      434.6834716796875,
      0.0,
      252.0
    ],
    [
      0.0,
      436.2204284667969,
      189.0
    ],
    [
      0.0,
      0.0,
      1.0
    ]
  ],
  "extrinsics_3x4_w2c": [
    [
      0.3224475383758545,
      0.1822093278169632,
      -0.9288849830627441,
      -0.05903354659676552
    ],
    [
      0.05093779414892197,
      0.9765369296073914,
      0.2092389464378357,
      -0.17612309753894806
    ],
    [
      0.9452158212661743,
      -0.11478394269943237,
      0.305600643157959,
      0.764414370059967
    ]
  ]
}